,,,,
target url,A.I. Artificial Intelligence photo booths rent,,https://sites.google.com/view/ai-face-swap-photo-booth/home,A.I. Artificial Intelligence photo booths rent
folder top,A.I. Artificial Intelligence photo booths rent,,https://drive.google.com/drive/folders/1CA132MqbTZEOZ4eqWszFi2ugz4nWQQ22?usp=sharing,A.I. Artificial Intelligence photo booths rent
rss feed,A.I. Artificial Intelligence photo booths rent,,https://news.google.com/rss/search?q=aiphotobooth,A.I. Artificial Intelligence photo booths rent
folder articles,A.I. Artificial Intelligence photo booths rent Articles,,https://drive.google.com/drive/folders/1F8lPzBYk6wCIXHXeq45y8ep-4IQdsajq?usp=sharing,A.I. Artificial Intelligence photo booths rent Articles
folder photos,A.I. Artificial Intelligence photo booths rent Photos,,https://drive.google.com/drive/folders/187s7su-neEL7vfzwU_meymQBg3lM0AeU?usp=sharing,A.I. Artificial Intelligence photo booths rent Photos
folder pdfs,A.I. Artificial Intelligence photo booths rent PDFs,,https://drive.google.com/drive/folders/1NgLLBqv5IG08o8Ih87c9WalFwPkAIY5m?usp=sharing,A.I. Artificial Intelligence photo booths rent PDFs
folder slides,A.I. Artificial Intelligence photo booths rent Slides,,https://drive.google.com/drive/folders/1doJeliDukQAUYhLjWfWFFskpPC9fnm5j?usp=sharing,A.I. Artificial Intelligence photo booths rent Slides
photo,A.I. Artificial Intelligence photo booths rent,,https://drive.google.com/file/d/1S5sjkvMhie1HaZ6IJAtEozK_5kzeiW10/view?usp=sharing,A.I. Artificial Intelligence photo booths rent
photo,A.I. Artificial Intelligence photo booths rent,,https://drive.google.com/file/d/1IByJfZTakIptE6tLQpRfFEZJvkhpjvna/view?usp=sharing,A.I. Artificial Intelligence photo booths rent
photo,A.I. Artificial Intelligence photo booths rent,,https://drive.google.com/file/d/1mz_u8Q0HMByzzD3CtqVB6w3zXsh9l5I5/view?usp=sharing,A.I. Artificial Intelligence photo booths rent
photo,A.I. Artificial Intelligence photo booths rent,,https://drive.google.com/file/d/1DozG1gTEd_5CtG7v_9mOv0TLNImFKdu_/view?usp=sharing,A.I. Artificial Intelligence photo booths rent
spreadsheet,A.I. Artificial Intelligence photo booths rent,,https://docs.google.com/spreadsheets/d/1DhuiZZE6JhW0olVv_J9h0o29Yo7hghb8La7H5lAogXI/edit?usp=sharing,A.I. Artificial Intelligence photo booths rent
spreadsheet key,A.I. Artificial Intelligence photo booths rent key,,https://docs.google.com/spreadsheet/pub?key=1DhuiZZE6JhW0olVv_J9h0o29Yo7hghb8La7H5lAogXI,A.I. Artificial Intelligence photo booths rent
spreadsheet pubhtml,A.I. Artificial Intelligence photo booths rent pubhtml,,https://docs.google.com/spreadsheets/d/1DhuiZZE6JhW0olVv_J9h0o29Yo7hghb8La7H5lAogXI/pubhtml,A.I. Artificial Intelligence photo booths rent
spreadsheet pub,A.I. Artificial Intelligence photo booths rent pub,,https://docs.google.com/spreadsheets/d/1DhuiZZE6JhW0olVv_J9h0o29Yo7hghb8La7H5lAogXI/pub,A.I. Artificial Intelligence photo booths rent
spreadsheet view,A.I. Artificial Intelligence photo booths rent view,,https://docs.google.com/spreadsheets/d/1DhuiZZE6JhW0olVv_J9h0o29Yo7hghb8La7H5lAogXI/view,A.I. Artificial Intelligence photo booths rent
form,A.I. Artificial Intelligence photo booths rent,,https://docs.google.com/forms/d/1kwoP1C6GiFuwke6bC3oQyTXUMU3oIWx7urV0jCMGzJw/edit?usp=sharing,A.I. Artificial Intelligence photo booths rent
drawing,A.I. Artificial Intelligence photo booths rent,,https://docs.google.com/drawings/d/1On1DTWNBx8qE7XdatPfug-tddqpar8XEFbT7ZdBfhNs/edit?usp=sharing,A.I. Artificial Intelligence photo booths rent
image,CTA or Logo,,https://drive.google.com/file/d/1Ub_baxN1yIKa7z6PHbWKiQ5Hv3QmkYdb/view?usp=drivesdk,
image link,CTA or Logo - image link,,https://sites.google.com/view/ai-face-swap-photo-booth/home,
document,A.I. Artificial Intelligence photo booths rent,,https://docs.google.com/document/d/1Z8FoSCIFMDjWWGNMY0PH_ath7j7XhMQXMFqEaqOcfd4/edit?usp=sharing,A.I. Artificial Intelligence photo booths rent
document pub,A.I. Artificial Intelligence photo booths rent pub,,https://docs.google.com/document/d/1Z8FoSCIFMDjWWGNMY0PH_ath7j7XhMQXMFqEaqOcfd4/pub,A.I. Artificial Intelligence photo booths rent
document view,A.I. Artificial Intelligence photo booths rent view,,https://docs.google.com/document/d/1Z8FoSCIFMDjWWGNMY0PH_ath7j7XhMQXMFqEaqOcfd4/view,A.I. Artificial Intelligence photo booths rent
presentation,A.I. Artificial Intelligence photo booths rent,,https://docs.google.com/presentation/d/1IWU8y7ZkwZ3zpSH38U5V8tSGYGOEfIq7fEVEgrmUbMU/edit?usp=sharing,A.I. Artificial Intelligence photo booths rent
presentation pub,A.I. Artificial Intelligence photo booths rent pub,,https://docs.google.com/presentation/d/1IWU8y7ZkwZ3zpSH38U5V8tSGYGOEfIq7fEVEgrmUbMU/pub?start=true&loop=true&delayms=3000,A.I. Artificial Intelligence photo booths rent
presentation view,A.I. Artificial Intelligence photo booths rent view,,https://docs.google.com/presentation/d/1IWU8y7ZkwZ3zpSH38U5V8tSGYGOEfIq7fEVEgrmUbMU/view,A.I. Artificial Intelligence photo booths rent
presentation html,A.I. Artificial Intelligence photo booths rent html,,https://docs.google.com/presentation/d/1IWU8y7ZkwZ3zpSH38U5V8tSGYGOEfIq7fEVEgrmUbMU/htmlpresent,A.I. Artificial Intelligence photo booths rent
calendar,Calendar - A.I. Artificial Intelligence photo booths rent,,https://calendar.google.com/calendar/embed?src=d760314db8d2b37abdfe268b82d7abbee4bf58a5cef24c729cab89881bba6482@group.calendar.google.com,A.I. Artificial Intelligence photo booths rent
Calendar - All Day Event,Calendar - A.I. Artificial Intelligence photo booths rent - Event,,https://www.google.com/calendar/event?eid=ZWY3YmdiNmYzN2RjZDVvOTUzb3Q3MGV1ZTggZDc2MDMxNGRiOGQyYjM3YWJkZmUyNjhiODJkN2FiYmVlNGJmNThhNWNlZjI0YzcyOWNhYjg5ODgxYmJhNjQ4MkBncm91cC5jYWxlbmRhci5nb29nbGUuY29t,A.I. Artificial Intelligence photo booths rent
Calendar - All Day Event,Calendar - A.I. Artificial Intelligence photo booths rent - Event,,https://www.google.com/calendar/event?eid=aGdrYjFlazJhM2cxYjZhMm4xdTVvOWVrcTggZDc2MDMxNGRiOGQyYjM3YWJkZmUyNjhiODJkN2FiYmVlNGJmNThhNWNlZjI0YzcyOWNhYjg5ODgxYmJhNjQ4MkBncm91cC5jYWxlbmRhci5nb29nbGUuY29t,A.I. Artificial Intelligence photo booths rent
Calendar - All Day Event,Calendar - A.I. Artificial Intelligence photo booths rent - Event,,https://www.google.com/calendar/event?eid=b3BrbnFkMHVtbHV2ampqYWgyY2NudHZqNWcgZDc2MDMxNGRiOGQyYjM3YWJkZmUyNjhiODJkN2FiYmVlNGJmNThhNWNlZjI0YzcyOWNhYjg5ODgxYmJhNjQ4MkBncm91cC5jYWxlbmRhci5nb29nbGUuY29t,A.I. Artificial Intelligence photo booths rent
Calendar - All Day Event,Calendar - A.I. Artificial Intelligence photo booths rent - Event,,https://www.google.com/calendar/event?eid=ZG8wZThtb3V1aWNwZXRudmwza3RtaXJtMmcgZDc2MDMxNGRiOGQyYjM3YWJkZmUyNjhiODJkN2FiYmVlNGJmNThhNWNlZjI0YzcyOWNhYjg5ODgxYmJhNjQ4MkBncm91cC5jYWxlbmRhci5nb29nbGUuY29t,A.I. Artificial Intelligence photo booths rent
Calendar - All Day Event,Calendar - A.I. Artificial Intelligence photo booths rent - Event,,https://www.google.com/calendar/event?eid=c3ZoZDRyMnI1ZGd1aDlvOGRsZjYxYW81bDQgZDc2MDMxNGRiOGQyYjM3YWJkZmUyNjhiODJkN2FiYmVlNGJmNThhNWNlZjI0YzcyOWNhYjg5ODgxYmJhNjQ4MkBncm91cC5jYWxlbmRhci5nb29nbGUuY29t,A.I. Artificial Intelligence photo booths rent
Calendar - All Day Event,Calendar - A.I. Artificial Intelligence photo booths rent - Event,,https://www.google.com/calendar/event?eid=cWxmN2dsM2FmYmx2aWdvY3ZwM2M1azVoYWcgZDc2MDMxNGRiOGQyYjM3YWJkZmUyNjhiODJkN2FiYmVlNGJmNThhNWNlZjI0YzcyOWNhYjg5ODgxYmJhNjQ4MkBncm91cC5jYWxlbmRhci5nb29nbGUuY29t,A.I. Artificial Intelligence photo booths rent
Calendar - All Day Event,Calendar - A.I. Artificial Intelligence photo booths rent - Event,,https://www.google.com/calendar/event?eid=bTkxazM0M2k2dGc5b2dkdnY0dDc3MmZjdmMgZDc2MDMxNGRiOGQyYjM3YWJkZmUyNjhiODJkN2FiYmVlNGJmNThhNWNlZjI0YzcyOWNhYjg5ODgxYmJhNjQ4MkBncm91cC5jYWxlbmRhci5nb29nbGUuY29t,A.I. Artificial Intelligence photo booths rent
Calendar - All Day Event,Calendar - A.I. Artificial Intelligence photo booths rent - Event,,https://www.google.com/calendar/event?eid=bjlhazlhbW1kNWhqa2wxMDZ0cG10cnA0dHMgZDc2MDMxNGRiOGQyYjM3YWJkZmUyNjhiODJkN2FiYmVlNGJmNThhNWNlZjI0YzcyOWNhYjg5ODgxYmJhNjQ4MkBncm91cC5jYWxlbmRhci5nb29nbGUuY29t,A.I. Artificial Intelligence photo booths rent
Calendar - All Day Event,Calendar - A.I. Artificial Intelligence photo booths rent - Event,,https://www.google.com/calendar/event?eid=aW9wYTNkYTQxZm82bzY1NXVubm1jNnBvdjggZDc2MDMxNGRiOGQyYjM3YWJkZmUyNjhiODJkN2FiYmVlNGJmNThhNWNlZjI0YzcyOWNhYjg5ODgxYmJhNjQ4MkBncm91cC5jYWxlbmRhci5nb29nbGUuY29t,A.I. Artificial Intelligence photo booths rent
Calendar - All Day Event,Calendar - A.I. Artificial Intelligence photo booths rent - Event,,https://www.google.com/calendar/event?eid=MDkzMXJ2OG0xcnA2YjVybnNmMTgxamJzZXMgZDc2MDMxNGRiOGQyYjM3YWJkZmUyNjhiODJkN2FiYmVlNGJmNThhNWNlZjI0YzcyOWNhYjg5ODgxYmJhNjQ4MkBncm91cC5jYWxlbmRhci5nb29nbGUuY29t,A.I. Artificial Intelligence photo booths rent
Calendar - All Day Event,Calendar - A.I. Artificial Intelligence photo booths rent - Event,,https://www.google.com/calendar/event?eid=a2djYnVnazVrcWlpZmc5Y2tqaDlxbmU1MTQgZDc2MDMxNGRiOGQyYjM3YWJkZmUyNjhiODJkN2FiYmVlNGJmNThhNWNlZjI0YzcyOWNhYjg5ODgxYmJhNjQ4MkBncm91cC5jYWxlbmRhci5nb29nbGUuY29t,A.I. Artificial Intelligence photo booths rent
Calendar - All Day Event,Calendar - A.I. Artificial Intelligence photo booths rent - Event,,https://www.google.com/calendar/event?eid=MGtsbzcxYWJxY3FmNGV0cnVjczFjMGV1YTQgZDc2MDMxNGRiOGQyYjM3YWJkZmUyNjhiODJkN2FiYmVlNGJmNThhNWNlZjI0YzcyOWNhYjg5ODgxYmJhNjQ4MkBncm91cC5jYWxlbmRhci5nb29nbGUuY29t,A.I. Artificial Intelligence photo booths rent
Calendar - All Day Event,Calendar - A.I. Artificial Intelligence photo booths rent - Event,,https://www.google.com/calendar/event?eid=Zjh0ZXY3OTVhcXYxMm1sbHNzNW9jbWpibnMgZDc2MDMxNGRiOGQyYjM3YWJkZmUyNjhiODJkN2FiYmVlNGJmNThhNWNlZjI0YzcyOWNhYjg5ODgxYmJhNjQ4MkBncm91cC5jYWxlbmRhci5nb29nbGUuY29t,A.I. Artificial Intelligence photo booths rent
Calendar - All Day Event,Calendar - A.I. Artificial Intelligence photo booths rent - Event,,https://www.google.com/calendar/event?eid=dGhzZXBocmozYXU4ZmJmbXVrbTlidm9rMzQgZDc2MDMxNGRiOGQyYjM3YWJkZmUyNjhiODJkN2FiYmVlNGJmNThhNWNlZjI0YzcyOWNhYjg5ODgxYmJhNjQ4MkBncm91cC5jYWxlbmRhci5nb29nbGUuY29t,A.I. Artificial Intelligence photo booths rent
Calendar - All Day Event,Calendar - A.I. Artificial Intelligence photo booths rent - Event,,https://www.google.com/calendar/event?eid=MXJ1cXFxMzJob3Z2YTNpZWppYWNnbDQ2Zm8gZDc2MDMxNGRiOGQyYjM3YWJkZmUyNjhiODJkN2FiYmVlNGJmNThhNWNlZjI0YzcyOWNhYjg5ODgxYmJhNjQ4MkBncm91cC5jYWxlbmRhci5nb29nbGUuY29t,A.I. Artificial Intelligence photo booths rent
video,A.I. Artificial Intelligence photo booths rent,,https://youtu.be/3AjCF0_H6pI,A.I. Artificial Intelligence photo booths rent
video,A.I. Artificial Intelligence photo booths rent,,https://youtu.be/yD1Nwl2R0O4,A.I. Artificial Intelligence photo booths rent
video,A.I. Artificial Intelligence photo booths rent,,https://youtu.be/WWlZX-7fMis,A.I. Artificial Intelligence photo booths rent
video,A.I. Artificial Intelligence photo booths rent,,https://youtu.be/uceVMj8rYks,A.I. Artificial Intelligence photo booths rent
video,A.I. Artificial Intelligence photo booths rent,,https://youtu.be/5m1UqrkL-Qs,A.I. Artificial Intelligence photo booths rent
sheet,Sheet1,,https://docs.google.com/spreadsheets/d/1DhuiZZE6JhW0olVv_J9h0o29Yo7hghb8La7H5lAogXI/edit#gid=0,A.I. Artificial Intelligence photo booths rent Sheet1
sheet,Keywords,,https://docs.google.com/spreadsheets/d/1DhuiZZE6JhW0olVv_J9h0o29Yo7hghb8La7H5lAogXI/edit#gid=2046975151,A.I. Artificial Intelligence photo booths rent Keywords
sheet,Content,,https://docs.google.com/spreadsheets/d/1DhuiZZE6JhW0olVv_J9h0o29Yo7hghb8La7H5lAogXI/edit#gid=493650161,A.I. Artificial Intelligence photo booths rent Content
sheet,Calendar Events,,https://docs.google.com/spreadsheets/d/1DhuiZZE6JhW0olVv_J9h0o29Yo7hghb8La7H5lAogXI/edit#gid=1236790264,A.I. Artificial Intelligence photo booths rent Calendar Events
sheet,RSS Feeds,,https://docs.google.com/spreadsheets/d/1DhuiZZE6JhW0olVv_J9h0o29Yo7hghb8La7H5lAogXI/edit#gid=1191199435,A.I. Artificial Intelligence photo booths rent RSS Feeds
folder HTML,A.I. Artificial Intelligence photo booths rent HTML,,https://drive.google.com/drive/folders/12_vj_rsAfPaqFmEGYnXD7KFSYTqR5YY3?usp=sharing,A.I. Artificial Intelligence photo booths rent HTML
HTML,A.I. Artificial Intelligence photo booths rent.html,,https://drive.google.com/file/d/1HRuLw7NkNfDE1Wz3VLOk1Rop8PAnEFQa/view?usp=sharing,A.I. Artificial Intelligence photo booths rent.html
folder Microsoft Files,A.I. Artificial Intelligence photo booths rent MSFT,,https://drive.google.com/drive/folders/1pa82aGyInZSR8j94_YkHlX1pf6ERtErp?usp=sharing,A.I. Artificial Intelligence photo booths rent MSFT
document,A.I. Artificial Intelligence photo booth rentals Orange County,,https://docs.google.com/document/d/1yjjlEeb29-WVtervVRpXpawx-ov0aDqCb2JCWhlGfPE/edit?usp=sharing,A.I. Artificial Intelligence photo booth rentals Orange County
document pub,A.I. Artificial Intelligence photo booth rentals Orange County pub,,https://docs.google.com/document/d/1yjjlEeb29-WVtervVRpXpawx-ov0aDqCb2JCWhlGfPE/pub,A.I. Artificial Intelligence photo booth rentals Orange County
document view,A.I. Artificial Intelligence photo booth rentals Orange County view,,https://docs.google.com/document/d/1yjjlEeb29-WVtervVRpXpawx-ov0aDqCb2JCWhlGfPE/view,A.I. Artificial Intelligence photo booth rentals Orange County
document,Artificial Intelligence photobooth rental Orange County,,https://docs.google.com/document/d/1DAMnf9VxwvY5Qs2_1Cp6Z6nB9KReqzNRjEEAuaF0j4k/edit?usp=sharing,Artificial Intelligence photobooth rental Orange County
document pub,Artificial Intelligence photobooth rental Orange County pub,,https://docs.google.com/document/d/1DAMnf9VxwvY5Qs2_1Cp6Z6nB9KReqzNRjEEAuaF0j4k/pub,Artificial Intelligence photobooth rental Orange County
document view,Artificial Intelligence photobooth rental Orange County view,,https://docs.google.com/document/d/1DAMnf9VxwvY5Qs2_1Cp6Z6nB9KReqzNRjEEAuaF0j4k/view,Artificial Intelligence photobooth rental Orange County
document,renting a Artificial Intelligence photo booth in Orange County,,https://docs.google.com/document/d/1KSSCXFWwM3tf3fmaYmbuGSpZ8hB6qP78RSgqyQUCCmc/edit?usp=sharing,renting a Artificial Intelligence photo booth in Orange County
document pub,renting a Artificial Intelligence photo booth in Orange County pub,,https://docs.google.com/document/d/1KSSCXFWwM3tf3fmaYmbuGSpZ8hB6qP78RSgqyQUCCmc/pub,renting a Artificial Intelligence photo booth in Orange County
document view,renting a Artificial Intelligence photo booth in Orange County view,,https://docs.google.com/document/d/1KSSCXFWwM3tf3fmaYmbuGSpZ8hB6qP78RSgqyQUCCmc/view,renting a Artificial Intelligence photo booth in Orange County
link,A.I. Artificial Intelligence photo booths rent,,https://sites.google.com/view/photobooth-rental-culver-city/wedding-photo-booth-rental-in-culver-city,A.I. Artificial Intelligence photo booths rent
link,A.I. Artificial Intelligence photo booths rent,,https://sites.google.com/view/culvercityphotoboothrentals/photo-booth-for-rental-in-culver-city,A.I. Artificial Intelligence photo booths rent
link,A.I. Artificial Intelligence photo booths rent,,https://sites.google.com/view/culvercityphotoboothrentals/photo-booth-for-rent-near-culver-city,A.I. Artificial Intelligence photo booths rent
link,A.I. Artificial Intelligence photo booths rent,,https://sites.google.com/view/culvercityphotoboothrentals/photo-booth-rental-in-culver-city_1,A.I. Artificial Intelligence photo booths rent
link,A.I. Artificial Intelligence photo booths rent,,https://sites.google.com/view/photoboothrentalnearsandimas/home,A.I. Artificial Intelligence photo booths rent
document,rent a Artificial Intelligence photobooth Orange County,,https://docs.google.com/document/d/1ZcrelIPi0Tf3WudvmBi75nx91D1PebkNxuNvrvUQ52c/edit?usp=sharing,rent a Artificial Intelligence photobooth Orange County
document pub,rent a Artificial Intelligence photobooth Orange County pub,,https://docs.google.com/document/d/1ZcrelIPi0Tf3WudvmBi75nx91D1PebkNxuNvrvUQ52c/pub,rent a Artificial Intelligence photobooth Orange County
document view,rent a Artificial Intelligence photobooth Orange County view,,https://docs.google.com/document/d/1ZcrelIPi0Tf3WudvmBi75nx91D1PebkNxuNvrvUQ52c/view,rent a Artificial Intelligence photobooth Orange County
document,A.I. photo booth rental package Orange County,,https://docs.google.com/document/d/1BLmcWJsyTjtGTGqocBmyKZIV9ZMs6sdoef4HiQr111s/edit?usp=sharing,A.I. photo booth rental package Orange County
document pub,A.I. photo booth rental package Orange County pub,,https://docs.google.com/document/d/1BLmcWJsyTjtGTGqocBmyKZIV9ZMs6sdoef4HiQr111s/pub,A.I. photo booth rental package Orange County
document view,A.I. photo booth rental package Orange County view,,https://docs.google.com/document/d/1BLmcWJsyTjtGTGqocBmyKZIV9ZMs6sdoef4HiQr111s/view,A.I. photo booth rental package Orange County
document,A.I. photobooth for rent Orange County,,https://docs.google.com/document/d/1XUyO1ZeU8vFiCcKYoCSL9xEvdNqf8rzsNm1EqxpENQo/edit?usp=sharing,A.I. photobooth for rent Orange County
document pub,A.I. photobooth for rent Orange County pub,,https://docs.google.com/document/d/1XUyO1ZeU8vFiCcKYoCSL9xEvdNqf8rzsNm1EqxpENQo/pub,A.I. photobooth for rent Orange County
document view,A.I. photobooth for rent Orange County view,,https://docs.google.com/document/d/1XUyO1ZeU8vFiCcKYoCSL9xEvdNqf8rzsNm1EqxpENQo/view,A.I. photobooth for rent Orange County
link,A.I. Artificial Intelligence photo booths rent,,https://sites.google.com/view/photobooth-rental-culver-city/wedding-photo-booth-rental-in-culver-city,A.I. Artificial Intelligence photo booths rent
link,A.I. Artificial Intelligence photo booths rent,,https://sites.google.com/view/culvercityphotoboothrentals/photo-booth-for-rental-in-culver-city,A.I. Artificial Intelligence photo booths rent
link,A.I. Artificial Intelligence photo booths rent,,https://sites.google.com/view/culvercityphotoboothrentals/photo-booth-for-rent-near-culver-city,A.I. Artificial Intelligence photo booths rent
link,A.I. Artificial Intelligence photo booths rent,,https://sites.google.com/view/culvercityphotoboothrentals/photo-booth-rental-in-culver-city_1,A.I. Artificial Intelligence photo booths rent
link,A.I. Artificial Intelligence photo booths rent,,https://sites.google.com/view/photoboothrentalnearsandimas/home,A.I. Artificial Intelligence photo booths rent
document,A.I. photo booths rent Orange County,,https://docs.google.com/document/d/1VisrynX3VDDoshZmu6tutAXv0hG7F99pLsAdh0Wu6fo/edit?usp=sharing,A.I. photo booths rent Orange County
document pub,A.I. photo booths rent Orange County pub,,https://docs.google.com/document/d/1VisrynX3VDDoshZmu6tutAXv0hG7F99pLsAdh0Wu6fo/pub,A.I. photo booths rent Orange County
document view,A.I. photo booths rent Orange County view,,https://docs.google.com/document/d/1VisrynX3VDDoshZmu6tutAXv0hG7F99pLsAdh0Wu6fo/view,A.I. photo booths rent Orange County
document,renting a A.I. photo booth in Orange County,,https://docs.google.com/document/d/1b-u3SoiYV5VuQYQoa0EFyvtJZiVIIMY3z3kfeJLtFQQ/edit?usp=sharing,renting a A.I. photo booth in Orange County
document pub,renting a A.I. photo booth in Orange County pub,,https://docs.google.com/document/d/1b-u3SoiYV5VuQYQoa0EFyvtJZiVIIMY3z3kfeJLtFQQ/pub,renting a A.I. photo booth in Orange County
document view,renting a A.I. photo booth in Orange County view,,https://docs.google.com/document/d/1b-u3SoiYV5VuQYQoa0EFyvtJZiVIIMY3z3kfeJLtFQQ/view,renting a A.I. photo booth in Orange County
document,corporate event A.I. Artificial Intelligence photo booth Orange County,,https://docs.google.com/document/d/1Ti8H1ZU-MxhwscokpEOwfUX2VsD4vdjyiQpkKVR2QLQ/edit?usp=sharing,corporate event A.I. Artificial Intelligence photo booth Orange County
document pub,corporate event A.I. Artificial Intelligence photo booth Orange County pub,,https://docs.google.com/document/d/1Ti8H1ZU-MxhwscokpEOwfUX2VsD4vdjyiQpkKVR2QLQ/pub,corporate event A.I. Artificial Intelligence photo booth Orange County
document view,corporate event A.I. Artificial Intelligence photo booth Orange County view,,https://docs.google.com/document/d/1Ti8H1ZU-MxhwscokpEOwfUX2VsD4vdjyiQpkKVR2QLQ/view,corporate event A.I. Artificial Intelligence photo booth Orange County
link,A.I. Artificial Intelligence photo booths rent,,https://sites.google.com/view/photobooth-rental-culver-city/wedding-photo-booth-rental-in-culver-city,A.I. Artificial Intelligence photo booths rent
link,A.I. Artificial Intelligence photo booths rent,,https://sites.google.com/view/culvercityphotoboothrentals/photo-booth-for-rental-in-culver-city,A.I. Artificial Intelligence photo booths rent
link,A.I. Artificial Intelligence photo booths rent,,https://sites.google.com/view/culvercityphotoboothrentals/photo-booth-for-rent-near-culver-city,A.I. Artificial Intelligence photo booths rent
link,A.I. Artificial Intelligence photo booths rent,,https://sites.google.com/view/culvercityphotoboothrentals/photo-booth-rental-in-culver-city_1,A.I. Artificial Intelligence photo booths rent
link,A.I. Artificial Intelligence photo booths rent,,https://sites.google.com/view/photoboothrentalnearsandimas/home,A.I. Artificial Intelligence photo booths rent
document,A.I. Artificial Intelligence photo booth rental orange county,,https://docs.google.com/document/d/1Ht3eOZ8FcKWVfNYFvRdTP6oJjIvLCSqslgmub_lnBfU/edit?usp=sharing,A.I. Artificial Intelligence photo booth rental orange county
document pub,A.I. Artificial Intelligence photo booth rental orange county pub,,https://docs.google.com/document/d/1Ht3eOZ8FcKWVfNYFvRdTP6oJjIvLCSqslgmub_lnBfU/pub,A.I. Artificial Intelligence photo booth rental orange county
document view,A.I. Artificial Intelligence photo booth rental orange county view,,https://docs.google.com/document/d/1Ht3eOZ8FcKWVfNYFvRdTP6oJjIvLCSqslgmub_lnBfU/view,A.I. Artificial Intelligence photo booth rental orange county
document,wedding A.I. Artificial Intelligence photo booth rental in orange county,,https://docs.google.com/document/d/1q53KbwqLy6VzNDeiuirS0c4CpZkSozeqrsivr9fJ-XY/edit?usp=sharing,wedding A.I. Artificial Intelligence photo booth rental in orange county
document pub,wedding A.I. Artificial Intelligence photo booth rental in orange county pub,,https://docs.google.com/document/d/1q53KbwqLy6VzNDeiuirS0c4CpZkSozeqrsivr9fJ-XY/pub,wedding A.I. Artificial Intelligence photo booth rental in orange county
document view,wedding A.I. Artificial Intelligence photo booth rental in orange county view,,https://docs.google.com/document/d/1q53KbwqLy6VzNDeiuirS0c4CpZkSozeqrsivr9fJ-XY/view,wedding A.I. Artificial Intelligence photo booth rental in orange county
document,A.I. Artificial Intelligence photo booth rental in orange county,,https://docs.google.com/document/d/1OTLJtIFAKoH20DgJlsX75s8wCmlwgnrFBjcDkJZfsuQ/edit?usp=sharing,A.I. Artificial Intelligence photo booth rental in orange county
document pub,A.I. Artificial Intelligence photo booth rental in orange county pub,,https://docs.google.com/document/d/1OTLJtIFAKoH20DgJlsX75s8wCmlwgnrFBjcDkJZfsuQ/pub,A.I. Artificial Intelligence photo booth rental in orange county
document view,A.I. Artificial Intelligence photo booth rental in orange county view,,https://docs.google.com/document/d/1OTLJtIFAKoH20DgJlsX75s8wCmlwgnrFBjcDkJZfsuQ/view,A.I. Artificial Intelligence photo booth rental in orange county
link,A.I. Artificial Intelligence photo booths rent,,https://sites.google.com/view/photobooth-rental-culver-city/wedding-photo-booth-rental-in-culver-city,A.I. Artificial Intelligence photo booths rent
link,A.I. Artificial Intelligence photo booths rent,,https://sites.google.com/view/culvercityphotoboothrentals/photo-booth-for-rental-in-culver-city,A.I. Artificial Intelligence photo booths rent
link,A.I. Artificial Intelligence photo booths rent,,https://sites.google.com/view/culvercityphotoboothrentals/photo-booth-for-rent-near-culver-city,A.I. Artificial Intelligence photo booths rent
link,A.I. Artificial Intelligence photo booths rent,,https://sites.google.com/view/culvercityphotoboothrentals/photo-booth-rental-in-culver-city_1,A.I. Artificial Intelligence photo booths rent
link,A.I. Artificial Intelligence photo booths rent,,https://sites.google.com/view/photoboothrentalnearsandimas/home,A.I. Artificial Intelligence photo booths rent
document,A.I. Artificial Intelligence photo booth for rent orange county,,https://docs.google.com/document/d/1Q3kIAO9CZGjmb0CGwh0o_Y1bOiebKHfVU23HShsuKE0/edit?usp=sharing,A.I. Artificial Intelligence photo booth for rent orange county
document pub,A.I. Artificial Intelligence photo booth for rent orange county pub,,https://docs.google.com/document/d/1Q3kIAO9CZGjmb0CGwh0o_Y1bOiebKHfVU23HShsuKE0/pub,A.I. Artificial Intelligence photo booth for rent orange county
document view,A.I. Artificial Intelligence photo booth for rent orange county view,,https://docs.google.com/document/d/1Q3kIAO9CZGjmb0CGwh0o_Y1bOiebKHfVU23HShsuKE0/view,A.I. Artificial Intelligence photo booth for rent orange county
document,A.I. Artificial Intelligence photo booth for rental orange county,,https://docs.google.com/document/d/1-aD1abGOv6j5VFaRecK1KNfkdBSXw6BRIbeifhfQ-fw/edit?usp=sharing,A.I. Artificial Intelligence photo booth for rental orange county
document pub,A.I. Artificial Intelligence photo booth for rental orange county pub,,https://docs.google.com/document/d/1-aD1abGOv6j5VFaRecK1KNfkdBSXw6BRIbeifhfQ-fw/pub,A.I. Artificial Intelligence photo booth for rental orange county
document view,A.I. Artificial Intelligence photo booth for rental orange county view,,https://docs.google.com/document/d/1-aD1abGOv6j5VFaRecK1KNfkdBSXw6BRIbeifhfQ-fw/view,A.I. Artificial Intelligence photo booth for rental orange county
document,A.I. Artificial Intelligence photo booth to rental orange county,,https://docs.google.com/document/d/18lkCG_NTxM196V6g1hCyGEcDLvpvC_IZ6K9iY4-SVBo/edit?usp=sharing,A.I. Artificial Intelligence photo booth to rental orange county
document pub,A.I. Artificial Intelligence photo booth to rental orange county pub,,https://docs.google.com/document/d/18lkCG_NTxM196V6g1hCyGEcDLvpvC_IZ6K9iY4-SVBo/pub,A.I. Artificial Intelligence photo booth to rental orange county
document view,A.I. Artificial Intelligence photo booth to rental orange county view,,https://docs.google.com/document/d/18lkCG_NTxM196V6g1hCyGEcDLvpvC_IZ6K9iY4-SVBo/view,A.I. Artificial Intelligence photo booth to rental orange county
link,A.I. Artificial Intelligence photo booths rent,,https://sites.google.com/view/photobooth-rental-culver-city/wedding-photo-booth-rental-in-culver-city,A.I. Artificial Intelligence photo booths rent
link,A.I. Artificial Intelligence photo booths rent,,https://sites.google.com/view/culvercityphotoboothrentals/photo-booth-for-rental-in-culver-city,A.I. Artificial Intelligence photo booths rent
link,A.I. Artificial Intelligence photo booths rent,,https://sites.google.com/view/culvercityphotoboothrentals/photo-booth-for-rent-near-culver-city,A.I. Artificial Intelligence photo booths rent
link,A.I. Artificial Intelligence photo booths rent,,https://sites.google.com/view/culvercityphotoboothrentals/photo-booth-rental-in-culver-city_1,A.I. Artificial Intelligence photo booths rent
link,A.I. Artificial Intelligence photo booths rent,,https://sites.google.com/view/photoboothrentalnearsandimas/home,A.I. Artificial Intelligence photo booths rent
document,A.I. Artificial Intelligence photo booth to rent orange county,,https://docs.google.com/document/d/1qJtjUY_-JuHwPk8fHaIfQfVcjb0grQ4Ak9W9fXzqYHM/edit?usp=sharing,A.I. Artificial Intelligence photo booth to rent orange county
document pub,A.I. Artificial Intelligence photo booth to rent orange county pub,,https://docs.google.com/document/d/1qJtjUY_-JuHwPk8fHaIfQfVcjb0grQ4Ak9W9fXzqYHM/pub,A.I. Artificial Intelligence photo booth to rent orange county
document view,A.I. Artificial Intelligence photo booth to rent orange county view,,https://docs.google.com/document/d/1qJtjUY_-JuHwPk8fHaIfQfVcjb0grQ4Ak9W9fXzqYHM/view,A.I. Artificial Intelligence photo booth to rent orange county
document,A.I. Artificial Intelligence open air photo booth rental orange county,,https://docs.google.com/document/d/1Jwz11JrkhSxUcYBBBVIbjq8KgbMhtHK68zzCxAaOmh4/edit?usp=sharing,A.I. Artificial Intelligence open air photo booth rental orange county
document pub,A.I. Artificial Intelligence open air photo booth rental orange county pub,,https://docs.google.com/document/d/1Jwz11JrkhSxUcYBBBVIbjq8KgbMhtHK68zzCxAaOmh4/pub,A.I. Artificial Intelligence open air photo booth rental orange county
document view,A.I. Artificial Intelligence open air photo booth rental orange county view,,https://docs.google.com/document/d/1Jwz11JrkhSxUcYBBBVIbjq8KgbMhtHK68zzCxAaOmh4/view,A.I. Artificial Intelligence open air photo booth rental orange county
document,A.I. Artificial Intelligence oc events photo booth,,https://docs.google.com/document/d/1flkWPa2-Tv0ll_BQQRRbJEd7Xs3qkgkB4mRixb5-xXo/edit?usp=sharing,A.I. Artificial Intelligence oc events photo booth
document pub,A.I. Artificial Intelligence oc events photo booth pub,,https://docs.google.com/document/d/1flkWPa2-Tv0ll_BQQRRbJEd7Xs3qkgkB4mRixb5-xXo/pub,A.I. Artificial Intelligence oc events photo booth
document view,A.I. Artificial Intelligence oc events photo booth view,,https://docs.google.com/document/d/1flkWPa2-Tv0ll_BQQRRbJEd7Xs3qkgkB4mRixb5-xXo/view,A.I. Artificial Intelligence oc events photo booth
link,A.I. Artificial Intelligence photo booths rent,,https://sites.google.com/view/photobooth-rental-culver-city/wedding-photo-booth-rental-in-culver-city,A.I. Artificial Intelligence photo booths rent
link,A.I. Artificial Intelligence photo booths rent,,https://sites.google.com/view/culvercityphotoboothrentals/photo-booth-for-rental-in-culver-city,A.I. Artificial Intelligence photo booths rent
link,A.I. Artificial Intelligence photo booths rent,,https://sites.google.com/view/culvercityphotoboothrentals/photo-booth-for-rent-near-culver-city,A.I. Artificial Intelligence photo booths rent
link,A.I. Artificial Intelligence photo booths rent,,https://sites.google.com/view/culvercityphotoboothrentals/photo-booth-rental-in-culver-city_1,A.I. Artificial Intelligence photo booths rent
link,A.I. Artificial Intelligence photo booths rent,,https://sites.google.com/view/photoboothrentalnearsandimas/home,A.I. Artificial Intelligence photo booths rent
document,A.I. Artificial Intelligence oc photo booth,,https://docs.google.com/document/d/11OCPMQKRPNgNQOSrGYB4mJLSOelA1TkFR3w1hIO5iF4/edit?usp=sharing,A.I. Artificial Intelligence oc photo booth
document pub,A.I. Artificial Intelligence oc photo booth pub,,https://docs.google.com/document/d/11OCPMQKRPNgNQOSrGYB4mJLSOelA1TkFR3w1hIO5iF4/pub,A.I. Artificial Intelligence oc photo booth
document view,A.I. Artificial Intelligence oc photo booth view,,https://docs.google.com/document/d/11OCPMQKRPNgNQOSrGYB4mJLSOelA1TkFR3w1hIO5iF4/view,A.I. Artificial Intelligence oc photo booth
document,A.I. Artificial Intelligence photo booth rentals orange county,,https://docs.google.com/document/d/15K5z84e7DQKUgEG9EmzH_g0u-owstZg9ORx_H6bhluY/edit?usp=sharing,A.I. Artificial Intelligence photo booth rentals orange county
document pub,A.I. Artificial Intelligence photo booth rentals orange county pub,,https://docs.google.com/document/d/15K5z84e7DQKUgEG9EmzH_g0u-owstZg9ORx_H6bhluY/pub,A.I. Artificial Intelligence photo booth rentals orange county
document view,A.I. Artificial Intelligence photo booth rentals orange county view,,https://docs.google.com/document/d/15K5z84e7DQKUgEG9EmzH_g0u-owstZg9ORx_H6bhluY/view,A.I. Artificial Intelligence photo booth rentals orange county
link,A.I. Artificial Intelligence photo booths rent,,https://sites.google.com/view/photobooth-rental-culver-city/wedding-photo-booth-rental-in-culver-city,A.I. Artificial Intelligence photo booths rent
link,A.I. Artificial Intelligence photo booths rent,,https://sites.google.com/view/culvercityphotoboothrentals/photo-booth-for-rental-in-culver-city,A.I. Artificial Intelligence photo booths rent
link,A.I. Artificial Intelligence photo booths rent,,https://sites.google.com/view/culvercityphotoboothrentals/photo-booth-for-rent-near-culver-city,A.I. Artificial Intelligence photo booths rent
link,A.I. Artificial Intelligence photo booths rent,,https://sites.google.com/view/culvercityphotoboothrentals/photo-booth-rental-in-culver-city_1,A.I. Artificial Intelligence photo booths rent
link,A.I. Artificial Intelligence photo booths rent,,https://sites.google.com/view/photoboothrentalnearsandimas/home,A.I. Artificial Intelligence photo booths rent